product_id,route_No,equ_name,start,duration,end,color
P202201101,1,Z-1001,52.0,4.0,56.0,[0.21568627 0.49411765 0.72156863 1.        ]
P202201101,2,JM-3003,70.63333333333334,8.5,79.13333333333334,[0.21568627 0.49411765 0.72156863 1.        ]
P202201101,3,Y-2045,79.33333333333333,0.2,79.53333333333333,[0.21568627 0.49411765 0.72156863 1.        ]
P202201101,4,DI-4005,79.53333333333333,8.0,87.53333333333333,[0.21568627 0.49411765 0.72156863 1.        ]
P202201101,5,JM-3002,135.1,5.5,140.6,[0.21568627 0.49411765 0.72156863 1.        ]
P202201101,6,Y-2045,141.26666666666668,0.2,141.46666666666667,[0.21568627 0.49411765 0.72156863 1.        ]
P202201101,7,JH-3002,159.66666666666666,6.333333333333333,166.0,[0.21568627 0.49411765 0.72156863 1.        ]
P202201101,8,Y-2045,171.4,0.2,171.6,[0.21568627 0.49411765 0.72156863 1.        ]
P202201101,9,JM-3003,175.9,7.166666666666667,183.06666666666666,[0.21568627 0.49411765 0.72156863 1.        ]
P202201101,10,Y-2045,190.8,0.2,191.0,[0.21568627 0.49411765 0.72156863 1.        ]
P202201101,11,JM-3006,197.56666666666666,6.833333333333333,204.4,[0.21568627 0.49411765 0.72156863 1.        ]
P202201101,12,Y-2045,205.46666666666667,0.2,205.66666666666666,[0.21568627 0.49411765 0.72156863 1.        ]
P202201101,13,DI-4003,242.96666666666667,8.0,250.96666666666667,[0.21568627 0.49411765 0.72156863 1.        ]
P202201102,1,Z-1002,4.0,4.0,8.0,[0.96862745 0.50588235 0.74901961 1.        ]
P202201102,2,JM-3012,8.0,3.8333333333333335,11.833333333333334,[0.96862745 0.50588235 0.74901961 1.        ]
P202201102,3,Y-2045,13.933333333333334,0.2,14.133333333333333,[0.96862745 0.50588235 0.74901961 1.        ]
P202201102,4,JH-3004,14.133333333333333,7.166666666666667,21.3,[0.96862745 0.50588235 0.74901961 1.        ]
P202201102,5,Y-2045,29.5,0.2,29.7,[0.96862745 0.50588235 0.74901961 1.        ]
P202201102,6,JM-3005,39.5,5.5,45.0,[0.96862745 0.50588235 0.74901961 1.        ]
P202201102,7,Y-2045,51.4,0.2,51.6,[0.96862745 0.50588235 0.74901961 1.        ]
P202201102,8,JM-3011,51.6,4.5,56.1,[0.96862745 0.50588235 0.74901961 1.        ]
P202201102,9,Y-2045,63.46666666666667,0.2,63.666666666666664,[0.96862745 0.50588235 0.74901961 1.        ]
P202201102,10,JH-3002,63.666666666666664,4.166666666666667,67.83333333333333,[0.96862745 0.50588235 0.74901961 1.        ]
P202201102,11,Y-2045,70.83333333333333,0.2,71.03333333333333,[0.96862745 0.50588235 0.74901961 1.        ]
P202201102,12,JM-3001,71.03333333333333,7.5,78.53333333333333,[0.96862745 0.50588235 0.74901961 1.        ]
P202201102,13,Y-2045,78.53333333333333,0.2,78.73333333333333,[0.96862745 0.50588235 0.74901961 1.        ]
P202201102,14,DI-4009,78.73333333333333,8.0,86.73333333333333,[0.96862745 0.50588235 0.74901961 1.        ]
P202201103,1,Z-1002,0.0,4.0,4.0,[1.         0.49803922 0.         1.        ]
P202201103,2,JM-3002,4.0,3.8333333333333335,7.833333333333333,[1.         0.49803922 0.         1.        ]
P202201103,3,Y-2045,7.833333333333333,0.2,8.033333333333333,[1.         0.49803922 0.         1.        ]
P202201103,4,JH-3006,13.533333333333333,7.166666666666667,20.7,[1.         0.49803922 0.         1.        ]
P202201103,5,Y-2045,29.1,0.2,29.3,[1.         0.49803922 0.         1.        ]
P202201103,6,JM-3009,29.3,5.5,34.8,[1.         0.49803922 0.         1.        ]
P202201103,7,Y-2045,34.8,0.2,35.0,[1.         0.49803922 0.         1.        ]
P202201103,8,JM-3005,35.0,4.5,39.5,[1.         0.49803922 0.         1.        ]
P202201103,9,Y-2045,51.0,0.2,51.2,[1.         0.49803922 0.         1.        ]
P202201103,10,JH-3005,51.2,4.166666666666667,55.36666666666667,[1.         0.49803922 0.         1.        ]
P202201103,11,Y-2045,55.36666666666667,0.2,55.56666666666667,[1.         0.49803922 0.         1.        ]
P202201103,12,JM-3009,55.56666666666667,7.5,63.06666666666667,[1.         0.49803922 0.         1.        ]
P202201103,13,Y-2045,63.06666666666667,0.2,63.266666666666666,[1.         0.49803922 0.         1.        ]
P202201103,14,DI-4010,63.266666666666666,8.0,71.26666666666667,[1.         0.49803922 0.         1.        ]
P202201104,1,Z-1002,56.0,4.0,60.0,[1.  1.  0.2 1. ]
P202201104,2,JM-3001,93.03333333333333,3.5,96.53333333333333,[1.  1.  0.2 1. ]
P202201104,3,Y-2045,100.4,0.2,100.6,[1.  1.  0.2 1. ]
P202201104,4,JH-3003,190.43333333333334,6.5,196.93333333333334,[1.  1.  0.2 1. ]
P202201104,5,Y-2045,197.23333333333332,0.2,197.43333333333334,[1.  1.  0.2 1. ]
P202201104,6,JM-3005,197.43333333333334,5.5,202.93333333333334,[1.  1.  0.2 1. ]
P202201104,7,Y-2045,205.66666666666666,0.2,205.86666666666667,[1.  1.  0.2 1. ]
P202201104,8,JM-3001,205.86666666666667,4.5,210.36666666666667,[1.  1.  0.2 1. ]
P202201104,9,Y-2045,210.96666666666667,0.2,211.16666666666666,[1.  1.  0.2 1. ]
P202201104,10,DI-4010,211.16666666666666,8.0,219.16666666666666,[1.  1.  0.2 1. ]
P202201104,11,JH-3001,219.16666666666666,3.8333333333333335,223.0,[1.  1.  0.2 1. ]
P202201104,12,Y-2045,227.56666666666666,0.2,227.76666666666668,[1.  1.  0.2 1. ]
P202201104,13,JM-3012,227.76666666666668,7.166666666666667,234.93333333333334,[1.  1.  0.2 1. ]
P202201104,14,Y-2045,251.36666666666667,0.2,251.56666666666666,[1.  1.  0.2 1. ]
P202201104,15,DI-4010,251.56666666666666,8.0,259.56666666666666,[1.  1.  0.2 1. ]
P202201105,1,Z-1001,72.0,4.0,76.0,[0.21568627 0.49411765 0.72156863 1.        ]
P202201105,2,JM-3005,112.93333333333334,3.8333333333333335,116.76666666666667,[0.21568627 0.49411765 0.72156863 1.        ]
P202201105,3,Y-2045,119.2,0.2,119.4,[0.21568627 0.49411765 0.72156863 1.        ]
P202201105,4,JH-3005,153.7,7.166666666666667,160.86666666666667,[0.21568627 0.49411765 0.72156863 1.        ]
P202201105,5,Y-2045,164.16666666666666,0.2,164.36666666666667,[0.21568627 0.49411765 0.72156863 1.        ]
P202201105,6,JM-3011,208.9,5.5,214.4,[0.21568627 0.49411765 0.72156863 1.        ]
P202201105,7,Y-2045,228.76666666666668,0.2,228.96666666666667,[0.21568627 0.49411765 0.72156863 1.        ]
P202201105,8,JM-3003,313.3666666666667,4.5,317.8666666666667,[0.21568627 0.49411765 0.72156863 1.        ]
P202201105,9,Y-2045,320.4,0.2,320.6,[0.21568627 0.49411765 0.72156863 1.        ]
P202201105,10,JH-3004,320.6,4.166666666666667,324.76666666666665,[0.21568627 0.49411765 0.72156863 1.        ]
P202201105,11,Y-2045,324.76666666666665,0.2,324.96666666666664,[0.21568627 0.49411765 0.72156863 1.        ]
P202201105,12,JM-3002,324.96666666666664,7.5,332.46666666666664,[0.21568627 0.49411765 0.72156863 1.        ]
P202201105,13,Y-2045,332.46666666666664,0.2,332.6666666666667,[0.21568627 0.49411765 0.72156863 1.        ]
P202201105,14,DI-4010,332.6666666666667,8.0,340.6666666666667,[0.21568627 0.49411765 0.72156863 1.        ]
P202201106,1,Z-1001,16.0,4.0,20.0,[1.         0.49803922 0.         1.        ]
P202201106,2,JM-3009,20.0,3.5,23.5,[1.         0.49803922 0.         1.        ]
P202201106,3,Y-2045,30.1,0.2,30.3,[1.         0.49803922 0.         1.        ]
P202201106,4,JH-3004,74.03333333333333,6.5,80.53333333333333,[1.         0.49803922 0.         1.        ]
P202201106,5,Y-2045,85.96666666666667,0.2,86.16666666666667,[1.         0.49803922 0.         1.        ]
P202201106,6,JM-3004,86.16666666666667,5.5,91.66666666666667,[1.         0.49803922 0.         1.        ]
P202201106,7,Y-2045,94.5,0.2,94.7,[1.         0.49803922 0.         1.        ]
P202201106,8,JM-3009,100.0,4.5,104.5,[1.         0.49803922 0.         1.        ]
P202201106,9,Y-2045,116.4,0.2,116.6,[1.         0.49803922 0.         1.        ]
P202201106,10,DI-4014,116.6,8.0,124.6,[1.         0.49803922 0.         1.        ]
P202201106,11,JH-3001,124.6,3.8333333333333335,128.43333333333334,[1.         0.49803922 0.         1.        ]
P202201106,12,Y-2045,128.43333333333334,0.2,128.63333333333333,[1.         0.49803922 0.         1.        ]
P202201106,13,JM-3001,128.63333333333333,7.166666666666667,135.8,[1.         0.49803922 0.         1.        ]
P202201106,14,Y-2045,135.8,0.2,136.0,[1.         0.49803922 0.         1.        ]
P202201106,15,DI-4002,136.0,8.0,144.0,[1.         0.49803922 0.         1.        ]
P202201107,1,Z-1001,56.0,4.0,60.0,[0.65098039 0.3372549  0.15686275 1.        ]
P202201107,2,JM-3010,79.83333333333333,5.5,85.33333333333333,[0.65098039 0.3372549  0.15686275 1.        ]
P202201107,3,Y-2045,86.96666666666667,0.2,87.16666666666667,[0.65098039 0.3372549  0.15686275 1.        ]
P202201107,4,JH-3002,166.0,3.8333333333333335,169.83333333333334,[0.65098039 0.3372549  0.15686275 1.        ]
P202201107,5,Y-2045,171.6,0.2,171.8,[0.65098039 0.3372549  0.15686275 1.        ]
P202201107,6,DI-4014,206.1,8.0,214.1,[0.65098039 0.3372549  0.15686275 1.        ]
P202201107,7,JM-3005,214.1,7.166666666666667,221.26666666666668,[0.65098039 0.3372549  0.15686275 1.        ]
P202201107,8,Y-2045,227.76666666666668,0.2,227.96666666666667,[0.65098039 0.3372549  0.15686275 1.        ]
P202201107,9,JM-3010,234.33333333333334,5.5,239.83333333333334,[0.65098039 0.3372549  0.15686275 1.        ]
P202201107,10,Y-2045,251.56666666666666,0.2,251.76666666666668,[0.65098039 0.3372549  0.15686275 1.        ]
P202201107,11,DI-4003,275.56666666666666,8.0,283.56666666666666,[0.65098039 0.3372549  0.15686275 1.        ]
P202201107,12,JM-3010,283.56666666666666,8.0,291.56666666666666,[0.65098039 0.3372549  0.15686275 1.        ]
P202201107,13,Y-2045,291.56666666666666,0.2,291.76666666666665,[0.65098039 0.3372549  0.15686275 1.        ]
P202201107,14,DI-4004,291.76666666666665,8.0,299.76666666666665,[0.65098039 0.3372549  0.15686275 1.        ]
P202201108,1,Z-1001,64.0,4.0,68.0,[0.30196078 0.68627451 0.29019608 1.        ]
P202201108,2,JM-3006,149.73333333333332,8.5,158.23333333333332,[0.30196078 0.68627451 0.29019608 1.        ]
P202201108,3,Y-2045,163.96666666666667,0.2,164.16666666666666,[0.30196078 0.68627451 0.29019608 1.        ]
P202201108,4,DI-4003,250.96666666666667,8.0,258.96666666666664,[0.30196078 0.68627451 0.29019608 1.        ]
P202201108,5,JM-3010,291.56666666666666,5.5,297.06666666666666,[0.30196078 0.68627451 0.29019608 1.        ]
P202201108,6,Y-2045,299.26666666666665,0.2,299.46666666666664,[0.30196078 0.68627451 0.29019608 1.        ]
P202201108,7,JH-3002,299.46666666666664,6.333333333333333,305.8,[0.30196078 0.68627451 0.29019608 1.        ]
P202201108,8,Y-2045,305.8,0.2,306.0,[0.30196078 0.68627451 0.29019608 1.        ]
P202201108,9,JM-3007,306.0,7.166666666666667,313.1666666666667,[0.30196078 0.68627451 0.29019608 1.        ]
P202201108,10,Y-2045,313.1666666666667,0.2,313.3666666666667,[0.30196078 0.68627451 0.29019608 1.        ]
P202201108,11,JM-3002,313.3666666666667,6.833333333333333,320.2,[0.30196078 0.68627451 0.29019608 1.        ]
P202201108,12,Y-2045,320.2,0.2,320.4,[0.30196078 0.68627451 0.29019608 1.        ]
P202201108,13,DI-4005,320.4,8.0,328.4,[0.30196078 0.68627451 0.29019608 1.        ]
P202201109,1,Z-1002,80.0,4.0,84.0,[1.         0.49803922 0.         1.        ]
P202201109,2,JM-3007,105.1,3.8333333333333335,108.93333333333334,[1.         0.49803922 0.         1.        ]
P202201109,3,Y-2045,119.6,0.2,119.8,[1.         0.49803922 0.         1.        ]
P202201109,4,JH-3005,160.86666666666667,7.166666666666667,168.03333333333333,[1.         0.49803922 0.         1.        ]
P202201109,5,Y-2045,171.8,0.2,172.0,[1.         0.49803922 0.         1.        ]
P202201109,6,JM-3001,182.2,5.5,187.7,[1.         0.49803922 0.         1.        ]
P202201109,7,Y-2045,191.2,0.2,191.4,[1.         0.49803922 0.         1.        ]
P202201109,8,JM-3008,246.26666666666668,4.5,250.76666666666668,[1.         0.49803922 0.         1.        ]
P202201109,9,Y-2045,252.56666666666666,0.2,252.76666666666668,[1.         0.49803922 0.         1.        ]
P202201109,10,JH-3003,302.9,4.166666666666667,307.06666666666666,[1.         0.49803922 0.         1.        ]
P202201109,11,Y-2045,313.56666666666666,0.2,313.76666666666665,[1.         0.49803922 0.         1.        ]
P202201109,12,JM-3009,313.76666666666665,7.5,321.26666666666665,[1.         0.49803922 0.         1.        ]
P202201109,13,Y-2045,324.96666666666664,0.2,325.1666666666667,[1.         0.49803922 0.         1.        ]
P202201109,14,DI-4006,325.1666666666667,8.0,333.1666666666667,[1.         0.49803922 0.         1.        ]
P202201110,1,Z-1001,20.0,4.0,24.0,[0.96862745 0.50588235 0.74901961 1.        ]
P202201110,2,JM-3008,28.9,3.8333333333333335,32.733333333333334,[0.96862745 0.50588235 0.74901961 1.        ]
P202201110,3,Y-2045,35.2,0.2,35.4,[0.96862745 0.50588235 0.74901961 1.        ]
P202201110,4,JH-3003,35.4,7.166666666666667,42.56666666666667,[0.96862745 0.50588235 0.74901961 1.        ]
P202201110,5,Y-2045,51.6,0.2,51.8,[0.96862745 0.50588235 0.74901961 1.        ]
P202201110,6,JM-3005,51.8,5.5,57.3,[0.96862745 0.50588235 0.74901961 1.        ]
P202201110,7,Y-2045,63.86666666666667,0.2,64.06666666666666,[0.96862745 0.50588235 0.74901961 1.        ]
P202201110,8,JM-3010,64.06666666666666,4.5,68.56666666666666,[0.96862745 0.50588235 0.74901961 1.        ]
P202201110,9,Y-2045,71.23333333333333,0.2,71.43333333333334,[0.96862745 0.50588235 0.74901961 1.        ]
P202201110,10,JH-3003,71.43333333333334,4.166666666666667,75.6,[0.96862745 0.50588235 0.74901961 1.        ]
P202201110,11,Y-2045,79.13333333333334,0.2,79.33333333333333,[0.96862745 0.50588235 0.74901961 1.        ]
P202201110,12,JM-3002,79.33333333333333,7.5,86.83333333333333,[0.96862745 0.50588235 0.74901961 1.        ]
P202201110,13,Y-2045,94.7,0.2,94.9,[0.96862745 0.50588235 0.74901961 1.        ]
P202201110,14,DI-4003,94.9,8.0,102.9,[0.96862745 0.50588235 0.74901961 1.        ]
P202201111,1,Z-1002,32.0,4.0,36.0,[0.59607843 0.30588235 0.63921569 1.        ]
P202201111,2,JM-3010,36.0,8.5,44.5,[0.59607843 0.30588235 0.63921569 1.        ]
P202201111,3,Y-2045,53.0,0.2,53.2,[0.59607843 0.30588235 0.63921569 1.        ]
P202201111,4,DI-4006,53.2,8.0,61.2,[0.59607843 0.30588235 0.63921569 1.        ]
P202201111,5,JM-3006,121.7,5.5,127.2,[0.59607843 0.30588235 0.63921569 1.        ]
P202201111,6,Y-2045,129.63333333333333,0.2,129.83333333333334,[0.59607843 0.30588235 0.63921569 1.        ]
P202201111,7,JH-3001,129.83333333333334,6.333333333333333,136.16666666666666,[0.59607843 0.30588235 0.63921569 1.        ]
P202201111,8,Y-2045,141.06666666666666,0.2,141.26666666666668,[0.59607843 0.30588235 0.63921569 1.        ]
P202201111,9,JM-3004,148.03333333333333,7.166666666666667,155.2,[0.59607843 0.30588235 0.63921569 1.        ]
P202201111,10,Y-2045,156.4,0.2,156.6,[0.59607843 0.30588235 0.63921569 1.        ]
P202201111,11,JM-3003,163.56666666666666,6.833333333333333,170.4,[0.59607843 0.30588235 0.63921569 1.        ]
P202201111,12,Y-2045,170.4,0.2,170.6,[0.59607843 0.30588235 0.63921569 1.        ]
P202201111,13,DI-4006,171.03333333333333,8.0,179.03333333333333,[0.59607843 0.30588235 0.63921569 1.        ]
P202201112,1,Z-1001,4.0,4.0,8.0,[0.21568627 0.49411765 0.72156863 1.        ]
P202201112,2,JM-3008,8.0,3.5,11.5,[0.21568627 0.49411765 0.72156863 1.        ]
P202201112,3,Y-2045,13.733333333333333,0.2,13.933333333333334,[0.21568627 0.49411765 0.72156863 1.        ]
P202201112,4,JH-3006,20.7,6.5,27.2,[0.21568627 0.49411765 0.72156863 1.        ]
P202201112,5,Y-2045,29.3,0.2,29.5,[0.21568627 0.49411765 0.72156863 1.        ]
P202201112,6,JM-3007,29.5,5.5,35.0,[0.21568627 0.49411765 0.72156863 1.        ]
P202201112,7,Y-2045,35.0,0.2,35.2,[0.21568627 0.49411765 0.72156863 1.        ]
P202201112,8,JM-3006,35.2,4.5,39.7,[0.21568627 0.49411765 0.72156863 1.        ]
P202201112,9,Y-2045,51.2,0.2,51.4,[0.21568627 0.49411765 0.72156863 1.        ]
P202201112,10,DI-4002,51.4,8.0,59.4,[0.21568627 0.49411765 0.72156863 1.        ]
P202201112,11,JH-3004,59.4,3.8333333333333335,63.233333333333334,[0.21568627 0.49411765 0.72156863 1.        ]
P202201112,12,Y-2045,63.266666666666666,0.2,63.46666666666667,[0.21568627 0.49411765 0.72156863 1.        ]
P202201112,13,JM-3003,63.46666666666667,7.166666666666667,70.63333333333334,[0.21568627 0.49411765 0.72156863 1.        ]
P202201112,14,Y-2045,70.63333333333334,0.2,70.83333333333333,[0.21568627 0.49411765 0.72156863 1.        ]
P202201112,15,DI-4006,70.83333333333333,8.0,78.83333333333333,[0.21568627 0.49411765 0.72156863 1.        ]
P202201113,1,Z-1001,48.0,4.0,52.0,[0.65098039 0.3372549  0.15686275 1.        ]
P202201113,2,JM-3001,87.53333333333333,5.5,93.03333333333333,[0.65098039 0.3372549  0.15686275 1.        ]
P202201113,3,Y-2045,96.1,0.2,96.3,[0.65098039 0.3372549  0.15686275 1.        ]
P202201113,4,JH-3003,186.6,3.8333333333333335,190.43333333333334,[0.65098039 0.3372549  0.15686275 1.        ]
P202201113,5,Y-2045,190.6,0.2,190.8,[0.65098039 0.3372549  0.15686275 1.        ]
P202201113,6,DI-4008,218.76666666666668,8.0,226.76666666666668,[0.65098039 0.3372549  0.15686275 1.        ]
P202201113,7,JM-3008,226.76666666666668,7.166666666666667,233.93333333333334,[0.65098039 0.3372549  0.15686275 1.        ]
P202201113,8,Y-2045,234.53333333333333,0.2,234.73333333333332,[0.65098039 0.3372549  0.15686275 1.        ]
P202201113,9,JM-3002,234.73333333333332,5.5,240.23333333333332,[0.65098039 0.3372549  0.15686275 1.        ]
P202201113,10,Y-2045,251.16666666666666,0.2,251.36666666666667,[0.65098039 0.3372549  0.15686275 1.        ]
P202201113,11,DI-4002,251.36666666666667,8.0,259.3666666666667,[0.65098039 0.3372549  0.15686275 1.        ]
P202201113,12,JM-3009,259.3666666666667,8.0,267.3666666666667,[0.65098039 0.3372549  0.15686275 1.        ]
P202201113,13,Y-2045,267.3666666666667,0.2,267.56666666666666,[0.65098039 0.3372549  0.15686275 1.        ]
P202201113,14,DI-4003,267.56666666666666,8.0,275.56666666666666,[0.65098039 0.3372549  0.15686275 1.        ]
P202201114,1,Z-1002,48.0,4.0,52.0,[0.30196078 0.68627451 0.29019608 1.        ]
P202201114,2,JM-3002,126.6,8.5,135.1,[0.30196078 0.68627451 0.29019608 1.        ]
P202201114,3,Y-2045,136.0,0.2,136.2,[0.30196078 0.68627451 0.29019608 1.        ]
P202201114,4,DI-4004,153.03333333333333,8.0,161.03333333333333,[0.30196078 0.68627451 0.29019608 1.        ]
P202201114,5,JM-3004,161.03333333333333,5.5,166.53333333333333,[0.30196078 0.68627451 0.29019608 1.        ]
P202201114,6,Y-2045,171.2,0.2,171.4,[0.30196078 0.68627451 0.29019608 1.        ]
P202201114,7,JH-3002,183.6,6.333333333333333,189.93333333333334,[0.30196078 0.68627451 0.29019608 1.        ]
P202201114,8,Y-2045,190.4,0.2,190.6,[0.30196078 0.68627451 0.29019608 1.        ]
P202201114,9,JM-3002,196.83333333333334,7.166666666666667,204.0,[0.30196078 0.68627451 0.29019608 1.        ]
P202201114,10,Y-2045,205.26666666666668,0.2,205.46666666666667,[0.30196078 0.68627451 0.29019608 1.        ]
P202201114,11,JM-3009,205.46666666666667,6.833333333333333,212.3,[0.30196078 0.68627451 0.29019608 1.        ]
P202201114,12,Y-2045,227.16666666666666,0.2,227.36666666666667,[0.30196078 0.68627451 0.29019608 1.        ]
P202201114,13,DI-4012,227.36666666666667,8.0,235.36666666666667,[0.30196078 0.68627451 0.29019608 1.        ]
P202201115,1,Z-1001,44.0,4.0,48.0,[0.65098039 0.3372549  0.15686275 1.        ]
P202201115,2,JM-3001,84.03333333333333,3.5,87.53333333333333,[0.65098039 0.3372549  0.15686275 1.        ]
P202201115,3,Y-2045,95.9,0.2,96.1,[0.65098039 0.3372549  0.15686275 1.        ]
P202201115,4,JH-3006,96.1,6.5,102.6,[0.65098039 0.3372549  0.15686275 1.        ]
P202201115,5,Y-2045,118.0,0.2,118.2,[0.65098039 0.3372549  0.15686275 1.        ]
P202201115,6,JM-3008,118.2,5.5,123.7,[0.65098039 0.3372549  0.15686275 1.        ]
P202201115,7,Y-2045,130.03333333333333,0.2,130.23333333333332,[0.65098039 0.3372549  0.15686275 1.        ]
P202201115,8,JM-3006,145.23333333333332,4.5,149.73333333333332,[0.65098039 0.3372549  0.15686275 1.        ]
P202201115,9,Y-2045,156.8,0.2,157.0,[0.65098039 0.3372549  0.15686275 1.        ]
P202201115,10,DI-4002,205.9,8.0,213.9,[0.65098039 0.3372549  0.15686275 1.        ]
P202201115,11,JH-3001,213.9,3.8333333333333335,217.73333333333332,[0.65098039 0.3372549  0.15686275 1.        ]
P202201115,12,Y-2045,226.96666666666667,0.2,227.16666666666666,[0.65098039 0.3372549  0.15686275 1.        ]
P202201115,13,JM-3010,227.16666666666666,7.166666666666667,234.33333333333334,[0.65098039 0.3372549  0.15686275 1.        ]
P202201115,14,Y-2045,234.33333333333334,0.2,234.53333333333333,[0.65098039 0.3372549  0.15686275 1.        ]
P202201115,15,DI-4002,234.53333333333333,8.0,242.53333333333333,[0.65098039 0.3372549  0.15686275 1.        ]
P202201116,1,Z-1002,52.0,4.0,56.0,[0.21568627 0.49411765 0.72156863 1.        ]
P202201116,2,JM-3007,97.76666666666667,3.8333333333333335,101.6,[0.21568627 0.49411765 0.72156863 1.        ]
P202201116,3,Y-2045,118.6,0.2,118.8,[0.21568627 0.49411765 0.72156863 1.        ]
P202201116,4,JH-3001,136.16666666666666,7.166666666666667,143.33333333333334,[0.21568627 0.49411765 0.72156863 1.        ]
P202201116,5,Y-2045,148.83333333333334,0.2,149.03333333333333,[0.21568627 0.49411765 0.72156863 1.        ]
P202201116,6,JM-3005,153.03333333333333,5.5,158.53333333333333,[0.21568627 0.49411765 0.72156863 1.        ]
P202201116,7,Y-2045,163.76666666666668,0.2,163.96666666666667,[0.21568627 0.49411765 0.72156863 1.        ]
P202201116,8,JM-3011,204.4,4.5,208.9,[0.21568627 0.49411765 0.72156863 1.        ]
P202201116,9,Y-2045,210.76666666666668,0.2,210.96666666666667,[0.21568627 0.49411765 0.72156863 1.        ]
P202201116,10,JH-3004,210.96666666666667,4.166666666666667,215.13333333333333,[0.21568627 0.49411765 0.72156863 1.        ]
P202201116,11,Y-2045,227.36666666666667,0.2,227.56666666666666,[0.21568627 0.49411765 0.72156863 1.        ]
P202201116,12,JM-3009,267.3666666666667,7.5,274.8666666666667,[0.21568627 0.49411765 0.72156863 1.        ]
P202201116,13,Y-2045,274.8666666666667,0.2,275.06666666666666,[0.21568627 0.49411765 0.72156863 1.        ]
P202201116,14,DI-4014,275.06666666666666,8.0,283.06666666666666,[0.21568627 0.49411765 0.72156863 1.        ]
P202201117,1,Z-1001,68.0,4.0,72.0,[0.30196078 0.68627451 0.29019608 1.        ]
P202201117,2,JM-3007,101.6,3.5,105.1,[0.30196078 0.68627451 0.29019608 1.        ]
P202201117,3,Y-2045,119.0,0.2,119.2,[0.30196078 0.68627451 0.29019608 1.        ]
P202201117,4,JH-3002,189.93333333333334,6.5,196.43333333333334,[0.30196078 0.68627451 0.29019608 1.        ]
P202201117,5,Y-2045,197.43333333333334,0.2,197.63333333333333,[0.30196078 0.68627451 0.29019608 1.        ]
P202201117,6,JM-3010,217.53333333333333,5.5,223.03333333333333,[0.30196078 0.68627451 0.29019608 1.        ]
P202201117,7,Y-2045,228.56666666666666,0.2,228.76666666666668,[0.30196078 0.68627451 0.29019608 1.        ]
P202201117,8,JM-3001,228.76666666666668,4.5,233.26666666666668,[0.30196078 0.68627451 0.29019608 1.        ]
P202201117,9,Y-2045,234.93333333333334,0.2,235.13333333333333,[0.30196078 0.68627451 0.29019608 1.        ]
P202201117,10,DI-4014,291.06666666666666,8.0,299.06666666666666,[0.30196078 0.68627451 0.29019608 1.        ]
P202201117,11,JH-3003,299.06666666666666,3.8333333333333335,302.9,[0.30196078 0.68627451 0.29019608 1.        ]
P202201117,12,Y-2045,306.0,0.2,306.2,[0.30196078 0.68627451 0.29019608 1.        ]
P202201117,13,JM-3003,306.2,7.166666666666667,313.3666666666667,[0.30196078 0.68627451 0.29019608 1.        ]
P202201117,14,Y-2045,313.3666666666667,0.2,313.56666666666666,[0.30196078 0.68627451 0.29019608 1.        ]
P202201117,15,DI-4003,313.56666666666666,8.0,321.56666666666666,[0.30196078 0.68627451 0.29019608 1.        ]
P202201118,1,Z-1002,8.0,4.0,12.0,[0.59607843 0.30588235 0.63921569 1.        ]
P202201118,2,JM-3009,12.0,5.5,17.5,[0.59607843 0.30588235 0.63921569 1.        ]
P202201118,3,Y-2045,30.3,0.2,30.5,[0.59607843 0.30588235 0.63921569 1.        ]
P202201118,4,JH-3006,30.5,3.8333333333333335,34.333333333333336,[0.59607843 0.30588235 0.63921569 1.        ]
P202201118,5,Y-2045,35.4,0.2,35.6,[0.59607843 0.30588235 0.63921569 1.        ]
P202201118,6,DI-4011,35.6,8.0,43.6,[0.59607843 0.30588235 0.63921569 1.        ]
P202201118,7,JM-3012,43.6,7.166666666666667,50.766666666666666,[0.59607843 0.30588235 0.63921569 1.        ]
P202201118,8,Y-2045,51.8,0.2,52.0,[0.59607843 0.30588235 0.63921569 1.        ]
P202201118,9,JM-3008,52.0,5.5,57.5,[0.59607843 0.30588235 0.63921569 1.        ]
P202201118,10,Y-2045,64.06666666666666,0.2,64.26666666666667,[0.59607843 0.30588235 0.63921569 1.        ]
P202201118,11,DI-4008,64.26666666666667,8.0,72.26666666666667,[0.59607843 0.30588235 0.63921569 1.        ]
P202201118,12,JM-3008,72.26666666666667,8.0,80.26666666666667,[0.59607843 0.30588235 0.63921569 1.        ]
P202201118,13,Y-2045,86.16666666666667,0.2,86.36666666666666,[0.59607843 0.30588235 0.63921569 1.        ]
P202201118,14,DI-4001,86.36666666666666,8.0,94.36666666666666,[0.59607843 0.30588235 0.63921569 1.        ]
P202201119,1,Z-1001,36.0,4.0,40.0,[0.96862745 0.50588235 0.74901961 1.        ]
P202201119,2,JM-3005,45.0,3.8333333333333335,48.833333333333336,[0.96862745 0.50588235 0.74901961 1.        ]
P202201119,3,Y-2045,53.2,0.2,53.4,[0.96862745 0.50588235 0.74901961 1.        ]
P202201119,4,JH-3003,81.93333333333334,7.166666666666667,89.1,[0.96862745 0.50588235 0.74901961 1.        ]
P202201119,5,Y-2045,95.7,0.2,95.9,[0.96862745 0.50588235 0.74901961 1.        ]
P202201119,6,JM-3008,95.9,5.5,101.4,[0.96862745 0.50588235 0.74901961 1.        ]
P202201119,7,Y-2045,117.6,0.2,117.8,[0.96862745 0.50588235 0.74901961 1.        ]
P202201119,8,JM-3002,122.1,4.5,126.6,[0.96862745 0.50588235 0.74901961 1.        ]
P202201119,9,Y-2045,129.83333333333334,0.2,130.03333333333333,[0.96862745 0.50588235 0.74901961 1.        ]
P202201119,10,JH-3003,182.43333333333334,4.166666666666667,186.6,[0.96862745 0.50588235 0.74901961 1.        ]
P202201119,11,Y-2045,190.0,0.2,190.2,[0.96862745 0.50588235 0.74901961 1.        ]
P202201119,12,JM-3010,190.2,7.5,197.7,[0.96862745 0.50588235 0.74901961 1.        ]
P202201119,13,Y-2045,197.7,0.2,197.9,[0.96862745 0.50588235 0.74901961 1.        ]
P202201119,14,DI-4002,197.9,8.0,205.9,[0.96862745 0.50588235 0.74901961 1.        ]
P202201120,1,Z-1002,44.0,4.0,48.0,[0.65098039 0.3372549  0.15686275 1.        ]
P202201120,2,JM-3002,106.66666666666667,5.5,112.16666666666667,[0.65098039 0.3372549  0.15686275 1.        ]
P202201120,3,Y-2045,118.4,0.2,118.6,[0.65098039 0.3372549  0.15686275 1.        ]
P202201120,4,JH-3001,118.6,3.8333333333333335,122.43333333333334,[0.65098039 0.3372549  0.15686275 1.        ]
P202201120,5,Y-2045,130.23333333333332,0.2,130.43333333333334,[0.65098039 0.3372549  0.15686275 1.        ]
P202201120,6,DI-4004,145.03333333333333,8.0,153.03333333333333,[0.65098039 0.3372549  0.15686275 1.        ]
P202201120,7,JM-3007,162.83333333333334,7.166666666666667,170.0,[0.65098039 0.3372549  0.15686275 1.        ]
P202201120,8,Y-2045,171.0,0.2,171.2,[0.65098039 0.3372549  0.15686275 1.        ]
P202201120,9,JM-3001,171.2,5.5,176.7,[0.65098039 0.3372549  0.15686275 1.        ]
P202201120,10,Y-2045,182.63333333333333,0.2,182.83333333333334,[0.65098039 0.3372549  0.15686275 1.        ]
P202201120,11,DI-4003,234.96666666666667,8.0,242.96666666666667,[0.65098039 0.3372549  0.15686275 1.        ]
P202201120,12,JM-3006,242.96666666666667,8.0,250.96666666666667,[0.65098039 0.3372549  0.15686275 1.        ]
P202201120,13,Y-2045,250.96666666666667,0.2,251.16666666666666,[0.65098039 0.3372549  0.15686275 1.        ]
P202201120,14,DI-4004,251.16666666666666,8.0,259.1666666666667,[0.65098039 0.3372549  0.15686275 1.        ]
P202201121,1,Z-1002,16.0,4.0,20.0,[1.         0.49803922 0.         1.        ]
P202201121,2,JM-3001,20.0,8.5,28.5,[1.         0.49803922 0.         1.        ]
P202201121,3,Y-2045,30.7,0.2,30.9,[1.         0.49803922 0.         1.        ]
P202201121,4,DI-4003,30.9,8.0,38.9,[1.         0.49803922 0.         1.        ]
P202201121,5,JM-3004,38.9,5.5,44.4,[1.         0.49803922 0.         1.        ]
P202201121,6,Y-2045,52.2,0.2,52.4,[1.         0.49803922 0.         1.        ]
P202201121,7,JH-3003,75.6,6.333333333333333,81.93333333333334,[1.         0.49803922 0.         1.        ]
P202201121,8,Y-2045,86.36666666666666,0.2,86.56666666666666,[1.         0.49803922 0.         1.        ]
P202201121,9,JM-3002,86.83333333333333,7.166666666666667,94.0,[1.         0.49803922 0.         1.        ]
P202201121,10,Y-2045,95.3,0.2,95.5,[1.         0.49803922 0.         1.        ]
P202201121,11,JM-3005,100.6,6.833333333333333,107.43333333333334,[1.         0.49803922 0.         1.        ]
P202201121,12,Y-2045,117.0,0.2,117.2,[1.         0.49803922 0.         1.        ]
P202201121,13,DI-4007,117.2,8.0,125.2,[1.         0.49803922 0.         1.        ]
P202201122,1,Z-1001,28.0,4.0,32.0,[1.  1.  0.2 1. ]
P202201122,2,JM-3004,32.0,5.5,37.5,[1.  1.  0.2 1. ]
P202201122,3,Y-2045,52.4,0.2,52.6,[1.  1.  0.2 1. ]
P202201122,4,JH-3005,55.36666666666667,3.8333333333333335,59.2,[1.  1.  0.2 1. ]
P202201122,5,Y-2045,64.26666666666667,0.2,64.46666666666667,[1.  1.  0.2 1. ]
P202201122,6,DI-4008,72.26666666666667,8.0,80.26666666666667,[1.  1.  0.2 1. ]
P202201122,7,JM-3002,94.0,7.166666666666667,101.16666666666667,[1.  1.  0.2 1. ]
P202201122,8,Y-2045,117.2,0.2,117.4,[1.  1.  0.2 1. ]
P202201122,9,JM-3005,121.3,5.5,126.8,[1.  1.  0.2 1. ]
P202201122,10,Y-2045,129.03333333333333,0.2,129.23333333333332,[1.  1.  0.2 1. ]
P202201122,11,DI-4001,129.23333333333332,8.0,137.23333333333332,[1.  1.  0.2 1. ]
P202201122,12,JM-3006,137.23333333333332,8.0,145.23333333333332,[1.  1.  0.2 1. ]
P202201122,13,Y-2045,148.63333333333333,0.2,148.83333333333334,[1.  1.  0.2 1. ]
P202201122,14,DI-4015,148.83333333333334,8.0,156.83333333333334,[1.  1.  0.2 1. ]
P202201123,1,Z-1002,28.0,4.0,32.0,[0.30196078 0.68627451 0.29019608 1.        ]
P202201123,2,JM-3009,34.8,3.5,38.3,[0.30196078 0.68627451 0.29019608 1.        ]
P202201123,3,Y-2045,52.8,0.2,53.0,[0.30196078 0.68627451 0.29019608 1.        ]
P202201123,4,JH-3006,53.0,6.5,59.5,[0.30196078 0.68627451 0.29019608 1.        ]
P202201123,5,Y-2045,64.66666666666667,0.2,64.86666666666666,[0.30196078 0.68627451 0.29019608 1.        ]
P202201123,6,JM-3009,110.0,5.5,115.5,[0.30196078 0.68627451 0.29019608 1.        ]
P202201123,7,Y-2045,117.4,0.2,117.6,[0.30196078 0.68627451 0.29019608 1.        ]
P202201123,8,JM-3002,117.6,4.5,122.1,[0.30196078 0.68627451 0.29019608 1.        ]
P202201123,9,Y-2045,129.43333333333334,0.2,129.63333333333333,[0.30196078 0.68627451 0.29019608 1.        ]
P202201123,10,DI-4002,144.0,8.0,152.0,[0.30196078 0.68627451 0.29019608 1.        ]
P202201123,11,JH-3002,152.0,3.8333333333333335,155.83333333333334,[0.30196078 0.68627451 0.29019608 1.        ]
P202201123,12,Y-2045,156.2,0.2,156.4,[0.30196078 0.68627451 0.29019608 1.        ]
P202201123,13,JM-3003,156.4,7.166666666666667,163.56666666666666,[0.30196078 0.68627451 0.29019608 1.        ]
P202201123,14,Y-2045,163.56666666666666,0.2,163.76666666666668,[0.30196078 0.68627451 0.29019608 1.        ]
P202201123,15,DI-4005,163.76666666666668,8.0,171.76666666666668,[0.30196078 0.68627451 0.29019608 1.        ]
P202201124,1,Z-1001,0.0,4.0,4.0,[0.21568627 0.49411765 0.72156863 1.        ]
P202201124,2,JM-3006,4.0,5.5,9.5,[0.21568627 0.49411765 0.72156863 1.        ]
P202201124,3,Y-2045,9.5,0.2,9.7,[0.21568627 0.49411765 0.72156863 1.        ]
P202201124,4,JH-3006,9.7,3.8333333333333335,13.533333333333333,[0.21568627 0.49411765 0.72156863 1.        ]
P202201124,5,Y-2045,13.533333333333333,0.2,13.733333333333333,[0.21568627 0.49411765 0.72156863 1.        ]
P202201124,6,DI-4013,13.733333333333333,8.0,21.733333333333334,[0.21568627 0.49411765 0.72156863 1.        ]
P202201124,7,JM-3008,21.733333333333334,7.166666666666667,28.9,[0.21568627 0.49411765 0.72156863 1.        ]
P202201124,8,Y-2045,28.9,0.2,29.1,[0.21568627 0.49411765 0.72156863 1.        ]
P202201124,9,JM-3001,29.1,5.5,34.6,[0.21568627 0.49411765 0.72156863 1.        ]
P202201124,10,Y-2045,34.6,0.2,34.8,[0.21568627 0.49411765 0.72156863 1.        ]
P202201124,11,DI-4014,34.8,8.0,42.8,[0.21568627 0.49411765 0.72156863 1.        ]
P202201124,12,JM-3009,42.8,8.0,50.8,[0.21568627 0.49411765 0.72156863 1.        ]
P202201124,13,Y-2045,50.8,0.2,51.0,[0.21568627 0.49411765 0.72156863 1.        ]
P202201124,14,DI-4003,51.0,8.0,59.0,[0.21568627 0.49411765 0.72156863 1.        ]
P202201125,1,Z-1002,64.0,4.0,68.0,[1.  1.  0.2 1. ]
P202201125,2,JM-3006,132.7,3.8333333333333335,136.53333333333333,[1.  1.  0.2 1. ]
P202201125,3,Y-2045,141.46666666666667,0.2,141.66666666666666,[1.  1.  0.2 1. ]
P202201125,4,JH-3006,142.73333333333332,7.166666666666667,149.9,[1.  1.  0.2 1. ]
P202201125,5,Y-2045,157.0,0.2,157.2,[1.  1.  0.2 1. ]
P202201125,6,JM-3001,176.7,5.5,182.2,[1.  1.  0.2 1. ]
P202201125,7,Y-2045,182.83333333333334,0.2,183.03333333333333,[1.  1.  0.2 1. ]
P202201125,8,JM-3009,212.3,4.5,216.8,[1.  1.  0.2 1. ]
P202201125,9,Y-2045,227.96666666666667,0.2,228.16666666666666,[1.  1.  0.2 1. ]
P202201125,10,JH-3002,228.16666666666666,4.166666666666667,232.33333333333334,[1.  1.  0.2 1. ]
P202201125,11,Y-2045,234.73333333333332,0.2,234.93333333333334,[1.  1.  0.2 1. ]
P202201125,12,JM-3005,234.93333333333334,7.5,242.43333333333334,[1.  1.  0.2 1. ]
P202201125,13,Y-2045,251.96666666666667,0.2,252.16666666666666,[1.  1.  0.2 1. ]
P202201125,14,DI-4012,252.16666666666666,8.0,260.1666666666667,[1.  1.  0.2 1. ]
P202201126,1,Z-1002,60.0,4.0,64.0,[0.59607843 0.30588235 0.63921569 1.        ]
P202201126,2,JM-3001,96.53333333333333,8.5,105.03333333333333,[0.59607843 0.30588235 0.63921569 1.        ]
P202201126,3,Y-2045,118.8,0.2,119.0,[0.59607843 0.30588235 0.63921569 1.        ]
P202201126,4,DI-4009,119.0,8.0,127.0,[0.59607843 0.30588235 0.63921569 1.        ]
P202201126,5,JM-3006,127.2,5.5,132.7,[0.59607843 0.30588235 0.63921569 1.        ]
P202201126,6,Y-2045,136.2,0.2,136.4,[0.59607843 0.30588235 0.63921569 1.        ]
P202201126,7,JH-3006,136.4,6.333333333333333,142.73333333333332,[0.59607843 0.30588235 0.63921569 1.        ]
P202201126,8,Y-2045,149.03333333333333,0.2,149.23333333333332,[0.59607843 0.30588235 0.63921569 1.        ]
P202201126,9,JM-3004,166.53333333333333,7.166666666666667,173.7,[0.59607843 0.30588235 0.63921569 1.        ]
P202201126,10,Y-2045,176.1,0.2,176.3,[0.59607843 0.30588235 0.63921569 1.        ]
P202201126,11,JM-3008,233.93333333333334,6.833333333333333,240.76666666666668,[0.59607843 0.30588235 0.63921569 1.        ]
P202201126,12,Y-2045,251.76666666666668,0.2,251.96666666666667,[0.59607843 0.30588235 0.63921569 1.        ]
P202201126,13,DI-4004,259.1666666666667,8.0,267.1666666666667,[0.59607843 0.30588235 0.63921569 1.        ]
P202201127,1,Z-1002,40.0,4.0,44.0,[0.30196078 0.68627451 0.29019608 1.        ]
P202201127,2,JM-3004,44.4,3.5,47.9,[0.30196078 0.68627451 0.29019608 1.        ]
P202201127,3,Y-2045,53.4,0.2,53.6,[0.30196078 0.68627451 0.29019608 1.        ]
P202201127,4,JH-3006,59.5,6.5,66.0,[0.30196078 0.68627451 0.29019608 1.        ]
P202201127,5,Y-2045,71.43333333333334,0.2,71.63333333333334,[0.30196078 0.68627451 0.29019608 1.        ]
P202201127,6,JM-3005,107.43333333333334,5.5,112.93333333333334,[0.30196078 0.68627451 0.29019608 1.        ]
P202201127,7,Y-2045,118.2,0.2,118.4,[0.30196078 0.68627451 0.29019608 1.        ]
P202201127,8,JM-3009,162.3,4.5,166.8,[0.30196078 0.68627451 0.29019608 1.        ]
P202201127,9,Y-2045,170.8,0.2,171.0,[0.30196078 0.68627451 0.29019608 1.        ]
P202201127,10,DI-4005,171.76666666666668,8.0,179.76666666666668,[0.30196078 0.68627451 0.29019608 1.        ]
P202201127,11,JH-3002,179.76666666666668,3.8333333333333335,183.6,[0.30196078 0.68627451 0.29019608 1.        ]
P202201127,12,Y-2045,190.2,0.2,190.4,[0.30196078 0.68627451 0.29019608 1.        ]
P202201127,13,JM-3006,190.4,7.166666666666667,197.56666666666666,[0.30196078 0.68627451 0.29019608 1.        ]
P202201127,14,Y-2045,197.9,0.2,198.1,[0.30196078 0.68627451 0.29019608 1.        ]
P202201127,15,DI-4014,198.1,8.0,206.1,[0.30196078 0.68627451 0.29019608 1.        ]
P202201128,1,Z-1002,24.0,4.0,28.0,[0.59607843 0.30588235 0.63921569 1.        ]
P202201128,2,JM-3001,38.1,5.5,43.6,[0.59607843 0.30588235 0.63921569 1.        ]
P202201128,3,Y-2045,52.6,0.2,52.8,[0.59607843 0.30588235 0.63921569 1.        ]
P202201128,4,JH-3002,52.8,3.8333333333333335,56.63333333333333,[0.59607843 0.30588235 0.63921569 1.        ]
P202201128,5,Y-2045,64.46666666666667,0.2,64.66666666666667,[0.59607843 0.30588235 0.63921569 1.        ]
P202201128,6,DI-4013,64.66666666666667,8.0,72.66666666666667,[0.59607843 0.30588235 0.63921569 1.        ]
P202201128,7,JM-3010,72.66666666666667,7.166666666666667,79.83333333333333,[0.59607843 0.30588235 0.63921569 1.        ]
P202201128,8,Y-2045,86.76666666666667,0.2,86.96666666666667,[0.59607843 0.30588235 0.63921569 1.        ]
P202201128,9,JM-3006,116.2,5.5,121.7,[0.59607843 0.30588235 0.63921569 1.        ]
P202201128,10,Y-2045,129.23333333333332,0.2,129.43333333333334,[0.59607843 0.30588235 0.63921569 1.        ]
P202201128,11,DI-4004,137.03333333333333,8.0,145.03333333333333,[0.59607843 0.30588235 0.63921569 1.        ]
P202201128,12,JM-3005,145.03333333333333,8.0,153.03333333333333,[0.59607843 0.30588235 0.63921569 1.        ]
P202201128,13,Y-2045,156.0,0.2,156.2,[0.59607843 0.30588235 0.63921569 1.        ]
P202201128,14,DI-4014,156.2,8.0,164.2,[0.59607843 0.30588235 0.63921569 1.        ]
P202201129,1,Z-1001,60.0,4.0,64.0,[0.96862745 0.50588235 0.74901961 1.        ]
P202201129,2,JM-3008,80.26666666666667,8.5,88.76666666666667,[0.96862745 0.50588235 0.74901961 1.        ]
P202201129,3,Y-2045,96.3,0.2,96.5,[0.96862745 0.50588235 0.74901961 1.        ]
P202201129,4,DI-4012,96.5,8.0,104.5,[0.96862745 0.50588235 0.74901961 1.        ]
P202201129,5,JM-3011,121.5,5.5,127.0,[0.96862745 0.50588235 0.74901961 1.        ]
P202201129,6,Y-2045,130.63333333333333,0.2,130.83333333333334,[0.96862745 0.50588235 0.74901961 1.        ]
P202201129,7,JH-3004,140.66666666666666,6.333333333333333,147.0,[0.96862745 0.50588235 0.74901961 1.        ]
P202201129,8,Y-2045,149.23333333333332,0.2,149.43333333333334,[0.96862745 0.50588235 0.74901961 1.        ]
P202201129,9,JM-3009,166.8,7.166666666666667,173.96666666666667,[0.96862745 0.50588235 0.74901961 1.        ]
P202201129,10,Y-2045,176.3,0.2,176.5,[0.96862745 0.50588235 0.74901961 1.        ]
P202201129,11,JM-3009,216.8,6.833333333333333,223.63333333333333,[0.96862745 0.50588235 0.74901961 1.        ]
P202201129,12,Y-2045,228.16666666666666,0.2,228.36666666666667,[0.96862745 0.50588235 0.74901961 1.        ]
P202201129,13,DI-4013,228.36666666666667,8.0,236.36666666666667,[0.96862745 0.50588235 0.74901961 1.        ]
P202201130,1,Z-1002,12.0,4.0,16.0,[1.  1.  0.2 1. ]
P202201130,2,JM-3007,26.0,3.5,29.5,[1.  1.  0.2 1. ]
P202201130,3,Y-2045,30.5,0.2,30.7,[1.  1.  0.2 1. ]
P202201130,4,JH-3004,80.53333333333333,6.5,87.03333333333333,[1.  1.  0.2 1. ]
P202201130,5,Y-2045,94.9,0.2,95.1,[1.  1.  0.2 1. ]
P202201130,6,JM-3005,95.1,5.5,100.6,[1.  1.  0.2 1. ]
P202201130,7,Y-2045,116.6,0.2,116.8,[1.  1.  0.2 1. ]
P202201130,8,JM-3005,116.8,4.5,121.3,[1.  1.  0.2 1. ]
P202201130,9,Y-2045,128.63333333333333,0.2,128.83333333333334,[1.  1.  0.2 1. ]
P202201130,10,DI-4010,128.83333333333334,8.0,136.83333333333334,[1.  1.  0.2 1. ]
P202201130,11,JH-3004,136.83333333333334,3.8333333333333335,140.66666666666666,[1.  1.  0.2 1. ]
P202201130,12,Y-2045,140.66666666666666,0.2,140.86666666666667,[1.  1.  0.2 1. ]
P202201130,13,JM-3004,140.86666666666667,7.166666666666667,148.03333333333333,[1.  1.  0.2 1. ]
P202201130,14,Y-2045,148.03333333333333,0.2,148.23333333333332,[1.  1.  0.2 1. ]
P202201130,15,DI-4007,148.23333333333332,8.0,156.23333333333332,[1.  1.  0.2 1. ]
P202201131,1,Z-1002,68.0,4.0,72.0,[0.96862745 0.50588235 0.74901961 1.        ]
P202201131,2,JM-3009,115.5,3.8333333333333335,119.33333333333333,[0.96862745 0.50588235 0.74901961 1.        ]
P202201131,3,Y-2045,130.43333333333334,0.2,130.63333333333333,[0.96862745 0.50588235 0.74901961 1.        ]
P202201131,4,JH-3002,169.83333333333334,7.166666666666667,177.0,[0.96862745 0.50588235 0.74901961 1.        ]
P202201131,5,Y-2045,183.03333333333333,0.2,183.23333333333332,[0.96862745 0.50588235 0.74901961 1.        ]
P202201131,6,JM-3010,204.86666666666667,5.5,210.36666666666667,[0.96862745 0.50588235 0.74901961 1.        ]
P202201131,7,Y-2045,211.16666666666666,0.2,211.36666666666667,[0.96862745 0.50588235 0.74901961 1.        ]
P202201131,8,JM-3002,240.23333333333332,4.5,244.73333333333332,[0.96862745 0.50588235 0.74901961 1.        ]
P202201131,9,Y-2045,252.16666666666666,0.2,252.36666666666667,[0.96862745 0.50588235 0.74901961 1.        ]
P202201131,10,JH-3002,252.36666666666667,4.166666666666667,256.53333333333336,[0.96862745 0.50588235 0.74901961 1.        ]
P202201131,11,Y-2045,267.56666666666666,0.2,267.76666666666665,[0.96862745 0.50588235 0.74901961 1.        ]
P202201131,12,JM-3005,267.76666666666665,7.5,275.26666666666665,[0.96862745 0.50588235 0.74901961 1.        ]
P202201131,13,Y-2045,291.76666666666665,0.2,291.96666666666664,[0.96862745 0.50588235 0.74901961 1.        ]
P202201131,14,DI-4004,299.76666666666665,8.0,307.76666666666665,[0.96862745 0.50588235 0.74901961 1.        ]
P202201132,1,Z-1002,72.0,4.0,76.0,[0.65098039 0.3372549  0.15686275 1.        ]
P202201132,2,JM-3011,78.4,5.5,83.9,[0.65098039 0.3372549  0.15686275 1.        ]
P202201132,3,Y-2045,87.16666666666667,0.2,87.36666666666666,[0.65098039 0.3372549  0.15686275 1.        ]
P202201132,4,JH-3003,89.1,3.8333333333333335,92.93333333333334,[0.65098039 0.3372549  0.15686275 1.        ]
P202201132,5,Y-2045,96.5,0.2,96.7,[0.65098039 0.3372549  0.15686275 1.        ]
P202201132,6,DI-4003,102.9,8.0,110.9,[0.65098039 0.3372549  0.15686275 1.        ]
P202201132,7,JM-3010,210.36666666666667,7.166666666666667,217.53333333333333,[0.65098039 0.3372549  0.15686275 1.        ]
P202201132,8,Y-2045,228.36666666666667,0.2,228.56666666666666,[0.65098039 0.3372549  0.15686275 1.        ]
P202201132,9,JM-3008,240.76666666666668,5.5,246.26666666666668,[0.65098039 0.3372549  0.15686275 1.        ]
P202201132,10,Y-2045,252.36666666666667,0.2,252.56666666666666,[0.65098039 0.3372549  0.15686275 1.        ]
P202201132,11,DI-4014,283.06666666666666,8.0,291.06666666666666,[0.65098039 0.3372549  0.15686275 1.        ]
P202201132,12,JM-3007,291.06666666666666,8.0,299.06666666666666,[0.65098039 0.3372549  0.15686275 1.        ]
P202201132,13,Y-2045,299.06666666666666,0.2,299.26666666666665,[0.65098039 0.3372549  0.15686275 1.        ]
P202201132,14,DI-4007,299.26666666666665,8.0,307.26666666666665,[0.65098039 0.3372549  0.15686275 1.        ]
P202201133,1,Z-1001,12.0,4.0,16.0,[0.65098039 0.3372549  0.15686275 1.        ]
P202201133,2,JM-3007,20.5,5.5,26.0,[0.65098039 0.3372549  0.15686275 1.        ]
P202201133,3,Y-2045,29.9,0.2,30.1,[0.65098039 0.3372549  0.15686275 1.        ]
P202201133,4,JH-3004,70.2,3.8333333333333335,74.03333333333333,[0.65098039 0.3372549  0.15686275 1.        ]
P202201133,5,Y-2045,78.93333333333334,0.2,79.13333333333334,[0.65098039 0.3372549  0.15686275 1.        ]
P202201133,6,DI-4010,79.13333333333334,8.0,87.13333333333334,[0.65098039 0.3372549  0.15686275 1.        ]
P202201133,7,JM-3009,87.13333333333334,7.166666666666667,94.3,[0.65098039 0.3372549  0.15686275 1.        ]
P202201133,8,Y-2045,94.3,0.2,94.5,[0.65098039 0.3372549  0.15686275 1.        ]
P202201133,9,JM-3009,94.5,5.5,100.0,[0.65098039 0.3372549  0.15686275 1.        ]
P202201133,10,Y-2045,100.0,0.2,100.2,[0.65098039 0.3372549  0.15686275 1.        ]
P202201133,11,DI-4008,100.2,8.0,108.2,[0.65098039 0.3372549  0.15686275 1.        ]
P202201133,12,JM-3006,108.2,8.0,116.2,[0.65098039 0.3372549  0.15686275 1.        ]
P202201133,13,Y-2045,116.2,0.2,116.4,[0.65098039 0.3372549  0.15686275 1.        ]
P202201133,14,DI-4006,116.4,8.0,124.4,[0.65098039 0.3372549  0.15686275 1.        ]
P202201134,1,Z-1001,32.0,4.0,36.0,[1.         0.49803922 0.         1.        ]
P202201134,2,JM-3007,85.76666666666667,8.5,94.26666666666667,[1.         0.49803922 0.         1.        ]
P202201134,3,Y-2045,95.5,0.2,95.7,[1.         0.49803922 0.         1.        ]
P202201134,4,DI-4007,95.7,8.0,103.7,[1.         0.49803922 0.         1.        ]
P202201134,5,JM-3003,170.4,5.5,175.9,[1.         0.49803922 0.         1.        ]
P202201134,6,Y-2045,175.9,0.2,176.1,[1.         0.49803922 0.         1.        ]
P202201134,7,JH-3003,176.1,6.333333333333333,182.43333333333334,[1.         0.49803922 0.         1.        ]
P202201134,8,Y-2045,182.43333333333334,0.2,182.63333333333333,[1.         0.49803922 0.         1.        ]
P202201134,9,JM-3010,182.63333333333333,7.166666666666667,189.8,[1.         0.49803922 0.         1.        ]
P202201134,10,Y-2045,189.8,0.2,190.0,[1.         0.49803922 0.         1.        ]
P202201134,11,JM-3002,190.0,6.833333333333333,196.83333333333334,[1.         0.49803922 0.         1.        ]
P202201134,12,Y-2045,196.83333333333334,0.2,197.03333333333333,[1.         0.49803922 0.         1.        ]
P202201134,13,DI-4010,197.03333333333333,8.0,205.03333333333333,[1.         0.49803922 0.         1.        ]
P202201135,1,Z-1001,24.0,4.0,28.0,[0.59607843 0.30588235 0.63921569 1.        ]
P202201135,2,JM-3001,34.6,3.5,38.1,[0.59607843 0.30588235 0.63921569 1.        ]
P202201135,3,Y-2045,52.0,0.2,52.2,[0.59607843 0.30588235 0.63921569 1.        ]
P202201135,4,JH-3004,87.03333333333333,6.5,93.53333333333333,[0.59607843 0.30588235 0.63921569 1.        ]
P202201135,5,Y-2045,95.1,0.2,95.3,[0.59607843 0.30588235 0.63921569 1.        ]
P202201135,6,JM-3009,104.5,5.5,110.0,[0.59607843 0.30588235 0.63921569 1.        ]
P202201135,7,Y-2045,116.8,0.2,117.0,[0.59607843 0.30588235 0.63921569 1.        ]
P202201135,8,JM-3011,117.0,4.5,121.5,[0.59607843 0.30588235 0.63921569 1.        ]
P202201135,9,Y-2045,128.83333333333334,0.2,129.03333333333333,[0.59607843 0.30588235 0.63921569 1.        ]
P202201135,10,DI-4004,129.03333333333333,8.0,137.03333333333333,[0.59607843 0.30588235 0.63921569 1.        ]
P202201135,11,JH-3005,137.03333333333333,3.8333333333333335,140.86666666666667,[0.59607843 0.30588235 0.63921569 1.        ]
P202201135,12,Y-2045,140.86666666666667,0.2,141.06666666666666,[0.59607843 0.30588235 0.63921569 1.        ]
P202201135,13,JM-3007,141.06666666666666,7.166666666666667,148.23333333333332,[0.59607843 0.30588235 0.63921569 1.        ]
P202201135,14,Y-2045,148.23333333333332,0.2,148.43333333333334,[0.59607843 0.30588235 0.63921569 1.        ]
P202201135,15,DI-4011,148.43333333333334,8.0,156.43333333333334,[0.59607843 0.30588235 0.63921569 1.        ]
P202201136,1,Z-1002,36.0,4.0,40.0,[1.         0.49803922 0.         1.        ]
P202201136,2,JM-3002,101.16666666666667,5.5,106.66666666666667,[1.         0.49803922 0.         1.        ]
P202201136,3,Y-2045,117.8,0.2,118.0,[1.         0.49803922 0.         1.        ]
P202201136,4,JH-3002,155.83333333333334,3.8333333333333335,159.66666666666666,[1.         0.49803922 0.         1.        ]
P202201136,5,Y-2045,163.03333333333333,0.2,163.23333333333332,[1.         0.49803922 0.         1.        ]
P202201136,6,DI-4013,163.23333333333332,8.0,171.23333333333332,[1.         0.49803922 0.         1.        ]
P202201136,7,JM-3010,197.7,7.166666666666667,204.86666666666667,[1.         0.49803922 0.         1.        ]
P202201136,8,Y-2045,204.86666666666667,0.2,205.06666666666666,[1.         0.49803922 0.         1.        ]
P202201136,9,JM-3003,205.06666666666666,5.5,210.56666666666666,[1.         0.49803922 0.         1.        ]
P202201136,10,Y-2045,210.56666666666666,0.2,210.76666666666668,[1.         0.49803922 0.         1.        ]
P202201136,11,DI-4008,210.76666666666668,8.0,218.76666666666668,[1.         0.49803922 0.         1.        ]
P202201136,12,JM-3003,218.76666666666668,8.0,226.76666666666668,[1.         0.49803922 0.         1.        ]
P202201136,13,Y-2045,226.76666666666668,0.2,226.96666666666667,[1.         0.49803922 0.         1.        ]
P202201136,14,DI-4003,226.96666666666667,8.0,234.96666666666667,[1.         0.49803922 0.         1.        ]
P202201137,1,Z-1002,76.0,4.0,80.0,[0.59607843 0.30588235 0.63921569 1.        ]
P202201137,2,JM-3004,91.66666666666667,3.8333333333333335,95.5,[0.59607843 0.30588235 0.63921569 1.        ]
P202201137,3,Y-2045,96.7,0.2,96.9,[0.59607843 0.30588235 0.63921569 1.        ]
P202201137,4,JH-3001,96.9,7.166666666666667,104.06666666666666,[0.59607843 0.30588235 0.63921569 1.        ]
P202201137,5,Y-2045,119.4,0.2,119.6,[0.59607843 0.30588235 0.63921569 1.        ]
P202201137,6,JM-3002,140.6,5.5,146.1,[0.59607843 0.30588235 0.63921569 1.        ]
P202201137,7,Y-2045,149.43333333333334,0.2,149.63333333333333,[0.59607843 0.30588235 0.63921569 1.        ]
P202201137,8,JM-3009,173.96666666666667,4.5,178.46666666666667,[0.59607843 0.30588235 0.63921569 1.        ]
P202201137,9,Y-2045,183.23333333333332,0.2,183.43333333333334,[0.59607843 0.30588235 0.63921569 1.        ]
P202201137,10,JH-3006,183.43333333333334,4.166666666666667,187.6,[0.59607843 0.30588235 0.63921569 1.        ]
P202201137,11,Y-2045,191.0,0.2,191.2,[0.59607843 0.30588235 0.63921569 1.        ]
P202201137,12,JM-3002,204.0,7.5,211.5,[0.59607843 0.30588235 0.63921569 1.        ]
P202201137,13,Y-2045,228.96666666666667,0.2,229.16666666666666,[0.59607843 0.30588235 0.63921569 1.        ]
P202201137,14,DI-4010,259.56666666666666,8.0,267.56666666666666,[0.59607843 0.30588235 0.63921569 1.        ]
P202201138,1,Z-1001,8.0,4.0,12.0,[0.65098039 0.3372549  0.15686275 1.        ]
P202201138,2,JM-3007,12.0,8.5,20.5,[0.65098039 0.3372549  0.15686275 1.        ]
P202201138,3,Y-2045,29.7,0.2,29.9,[0.65098039 0.3372549  0.15686275 1.        ]
P202201138,4,DI-4014,42.8,8.0,50.8,[0.65098039 0.3372549  0.15686275 1.        ]
P202201138,5,JM-3010,50.8,5.5,56.3,[0.65098039 0.3372549  0.15686275 1.        ]
P202201138,6,Y-2045,63.666666666666664,0.2,63.86666666666667,[0.65098039 0.3372549  0.15686275 1.        ]
P202201138,7,JH-3004,63.86666666666667,6.333333333333333,70.2,[0.65098039 0.3372549  0.15686275 1.        ]
P202201138,8,Y-2045,71.03333333333333,0.2,71.23333333333333,[0.65098039 0.3372549  0.15686275 1.        ]
P202201138,9,JM-3011,71.23333333333333,7.166666666666667,78.4,[0.65098039 0.3372549  0.15686275 1.        ]
P202201138,10,Y-2045,78.73333333333333,0.2,78.93333333333334,[0.65098039 0.3372549  0.15686275 1.        ]
P202201138,11,JM-3007,78.93333333333334,6.833333333333333,85.76666666666667,[0.65098039 0.3372549  0.15686275 1.        ]
P202201138,12,Y-2045,85.76666666666667,0.2,85.96666666666667,[0.65098039 0.3372549  0.15686275 1.        ]
P202201138,13,DI-4009,86.73333333333333,8.0,94.73333333333333,[0.65098039 0.3372549  0.15686275 1.        ]
P202201139,1,Z-1002,20.0,4.0,24.0,[0.59607843 0.30588235 0.63921569 1.        ]
P202201139,2,JM-3003,24.0,8.5,32.5,[0.59607843 0.30588235 0.63921569 1.        ]
P202201139,3,Y-2045,35.6,0.2,35.8,[0.59607843 0.30588235 0.63921569 1.        ]
P202201139,4,DI-4009,35.8,8.0,43.8,[0.59607843 0.30588235 0.63921569 1.        ]
P202201139,5,JM-3001,78.53333333333333,5.5,84.03333333333333,[0.59607843 0.30588235 0.63921569 1.        ]
P202201139,6,Y-2045,86.56666666666666,0.2,86.76666666666667,[0.59607843 0.30588235 0.63921569 1.        ]
P202201139,7,JH-3005,140.86666666666667,6.333333333333333,147.2,[0.59607843 0.30588235 0.63921569 1.        ]
P202201139,8,Y-2045,148.43333333333334,0.2,148.63333333333333,[0.59607843 0.30588235 0.63921569 1.        ]
P202201139,9,JM-3003,148.63333333333333,7.166666666666667,155.8,[0.59607843 0.30588235 0.63921569 1.        ]
P202201139,10,Y-2045,155.8,0.2,156.0,[0.59607843 0.30588235 0.63921569 1.        ]
P202201139,11,JM-3007,156.0,6.833333333333333,162.83333333333334,[0.59607843 0.30588235 0.63921569 1.        ]
P202201139,12,Y-2045,162.83333333333334,0.2,163.03333333333333,[0.59607843 0.30588235 0.63921569 1.        ]
P202201139,13,DI-4006,163.03333333333333,8.0,171.03333333333333,[0.59607843 0.30588235 0.63921569 1.        ]
P202201140,1,Z-1001,40.0,4.0,44.0,[1.  1.  0.2 1. ]
P202201140,2,JM-3007,94.26666666666667,3.5,97.76666666666667,[1.  1.  0.2 1. ]
P202201140,3,Y-2045,100.2,0.2,100.4,[1.  1.  0.2 1. ]
P202201140,4,JH-3005,147.2,6.5,153.7,[1.  1.  0.2 1. ]
P202201140,5,Y-2045,156.6,0.2,156.8,[1.  1.  0.2 1. ]
P202201140,6,JM-3009,156.8,5.5,162.3,[1.  1.  0.2 1. ]
P202201140,7,Y-2045,163.23333333333332,0.2,163.43333333333334,[1.  1.  0.2 1. ]
P202201140,8,JM-3012,163.43333333333334,4.5,167.93333333333334,[1.  1.  0.2 1. ]
P202201140,9,Y-2045,170.6,0.2,170.8,[1.  1.  0.2 1. ]
P202201140,10,DI-4006,179.03333333333333,8.0,187.03333333333333,[1.  1.  0.2 1. ]
P202201140,11,JH-3001,187.03333333333333,3.8333333333333335,190.86666666666667,[1.  1.  0.2 1. ]
P202201140,12,Y-2045,197.03333333333333,0.2,197.23333333333332,[1.  1.  0.2 1. ]
P202201140,13,JM-3011,197.23333333333332,7.166666666666667,204.4,[1.  1.  0.2 1. ]
P202201140,14,Y-2045,205.06666666666666,0.2,205.26666666666668,[1.  1.  0.2 1. ]
P202201140,15,DI-4001,205.26666666666668,8.0,213.26666666666668,[1.  1.  0.2 1. ]
